date,hh_index,lasso_index,dcs_index
2019-03-20,100.0,100.0,144.06767574071
2019-03-21,100.0,100.0,100.0
2019-03-22,96.5024951521865,97.0139641863918,100.06200647653287
2019-03-24,93.62647888998453,94.61333487542588,102.82151401387398
2019-03-25,89.49325758039068,90.73360133525892,101.89322734620067
2019-03-27,101.03253828975214,100.68508059112287,125.12306233229143
2019-03-28,106.09123280152485,105.38504457390945,138.65078882038503
2019-03-29,103.3103735989485,102.91601486853004,136.19986461801358
2019-03-30,117.1779509577207,114.68044100899766,164.6940385643167
2019-03-31,115.31167409393335,113.20594464533768,161.88427127778772
2019-04-06,115.51912583929003,113.00256891127003,163.42179420366588
2019-04-07,133.4707456611263,126.80267578802909,190.40748847768808
2019-04-08,130.28720573099423,125.52922315961825,186.30430156339608
2019-04-09,115.00409219117687,122.72090878042565,164.2536828682588
2019-04-10,112.57194045947378,126.91604497225522,161.1761124039578
2019-04-11,110.93527917809745,126.86259907730886,159.3386665425126
2019-04-12,105.72182595270523,123.96241202849501,152.14015886726295
2019-04-13,104.01525362358963,119.83520177145851,150.0748938597051
2019-04-14,102.62652204844052,116.07051715488173,148.09915366675202
2019-04-15,104.08189212440202,119.07460848042437,150.0695755198195
2019-04-16,92.41946945108145,106.27654671460371,137.31360816983707
2019-04-17,89.42419398845101,101.55211905168223,133.65290495207586
2019-04-18,88.39272085963157,98.43562883377123,132.27364538470502
2019-04-20,82.72539636076313,91.9598464743875,126.06754425068618
2019-04-21,83.51099431598382,91.65946877815513,126.10948398804969
2019-04-22,92.5311654808068,99.16239766003147,134.01223211430943
2019-04-23,93.95920592425654,99.02486030028298,135.6359732061673
2019-04-24,96.59181666640079,100.72988074866052,137.9506756867688
2019-04-25,90.94387439903784,94.8849336656815,133.10874776583182
2019-04-28,101.14932796855527,102.70180512182536,141.59960144109033
2019-04-29,108.12610880402238,108.52788948127345,147.54039998056433
2019-04-30,99.13353295265573,100.7492660634715,141.09165303829633
2019-05-02,100.79560226437547,105.14182214647083,142.79827096966744
2019-05-03,91.37886404461482,103.70878874795766,135.83626329973652
2019-05-04,94.68744311089927,104.46214979480624,138.4133880353078
2019-05-06,89.4441705730125,101.75191244926958,131.77848611423215
2019-05-07,89.6253052162123,101.9489786726071,131.94522703131798
2019-05-08,94.53802889483968,105.53879869587806,141.81611290548543
2019-05-09,88.16240711193166,97.45779551844774,133.1063850541258
2019-05-10,87.35415537147286,96.31773081910583,131.26916521142948
2019-05-11,81.34159875043498,89.57201745921826,126.60371181301468
2019-05-13,77.54238976410086,84.86271146008045,123.17422837423466
2019-05-14,79.22623493417449,84.85377800488997,123.2648248187599
2019-05-16,79.31490708218811,88.91395863095943,122.2826447261236
2019-05-17,77.87326467021639,85.61180974439169,120.12380677195208
2019-05-18,88.97902657605007,94.49283580888192,128.57291295381216
2019-05-19,93.02996252916626,98.70737694454324,133.88686526811102
2019-05-20,93.69720687241377,97.10032327506603,134.6686394410999
2019-05-21,86.25711518317449,97.74226666331295,129.94837228148393
2019-05-22,87.35707747921923,103.86728731824032,130.22510962034332
2019-05-23,88.6507973854579,104.38851257801964,131.54537901988243
2019-05-24,89.82438536076229,105.74684106020129,133.11191176875872
2019-05-26,84.31989362518846,99.7378690301223,128.73608109941574
2019-05-27,86.72491015443846,99.45771876641462,130.22583377147942
2019-05-30,84.84508928484199,96.17552440357416,128.88162331164125
2019-05-31,83.9747745547218,93.68456401053122,127.12647370496661
2019-06-01,87.73724202095747,95.67011188453873,128.78354047237394
2019-06-03,89.07790762722622,103.4180085002965,129.47147113386904
2019-06-04,105.1791996245059,129.14772132316438,139.0680630240412
2019-06-05,98.95873650380935,117.71232302841604,135.86188550042453
2019-06-06,105.8859655314314,122.09291195127182,139.54700131440836
2019-06-08,96.43041589550648,120.53464946772274,135.8661739644622
2019-06-10,97.18908651198959,135.51945313352672,136.9966916969005
2019-06-11,99.8484916240573,132.35602434500777,138.47274283507565
2019-06-12,101.26888972318606,132.95406724984733,140.7354212696823
2019-06-13,100.46920480322387,126.76734775422204,140.75040775839952
2019-06-14,95.67028548962264,143.4244915279052,138.5070731591755
2019-06-16,101.94825590204348,146.64986754863193,145.8086367146415
2019-06-17,104.69420263309136,143.31545325400344,148.76358414053647
2019-06-18,105.74978388631638,140.21096593442067,149.35582967451836
2019-06-19,110.84669573272366,141.09429692440497,152.27470547834122
2019-06-20,110.72328469694801,134.49572764672732,152.81490572114458
2019-06-21,113.97038814661127,133.67095750416883,156.1212226652844
2019-06-22,109.09152864651786,125.64288132463433,152.53247808039404
2019-06-23,120.73216856959156,133.3128926155172,160.53094957254578
2019-06-27,116.51195083876773,127.67762277285897,159.39142466843683
2019-06-28,101.63019245033718,112.86108829712529,153.4384386257531
2019-06-29,130.89722924512282,139.70086102931415,171.52355724725587
2019-07-01,136.17169968207256,150.77185153763105,174.3500470105952
2019-07-05,128.3953347251627,142.40487360044932,172.3935549231426
2019-07-06,114.56080170460869,127.71702358641208,166.49706565062763
2019-07-07,106.60043643777914,117.18888572677724,161.12777611820627
2019-07-10,104.94813625745888,114.003880812787,160.08894852589012
2019-07-11,106.75633855181187,114.12206813877077,160.54791791697738
2019-07-12,105.32427075872988,111.51864515639384,159.37187130752432
2019-07-13,103.67220265079982,108.4276508878322,158.0208089778688
2019-07-16,102.97216015738748,106.8816785736416,157.44162779998382
2019-07-17,93.05207304679925,97.83878706871764,153.0327220131357
2019-07-18,84.23407685370081,89.24891270295811,146.84551424185696
2019-07-19,83.81885227973672,87.94091532284604,145.6465274040023
2019-07-20,76.90252731818603,80.49024342034437,135.82840398798356
2019-07-21,76.26012996273171,79.8770973307958,133.01589168624207
2019-07-26,76.4044144264723,79.21786100607736,132.1960285179858
2019-07-27,73.37512680668902,76.27792771075352,130.03083013536946
2019-07-28,74.45095688970095,78.40296352591928,129.69086889831206
2019-07-29,73.34882056660226,76.81279234469471,126.95389933891616
2019-07-30,73.40231839428294,76.39445336031892,124.95724274763585
2019-07-31,70.84948864698237,79.06676321293985,123.29497750269182
2019-08-01,74.58600219034098,81.46585213872677,124.32545673362709
2019-08-02,71.34815224879206,78.66543435223474,121.6630203109699
2019-08-03,72.41400348730843,81.40273329198784,120.76098764981722
2019-08-06,75.65374242344991,83.8598155657615,121.42797046377665
2019-08-07,78.14302551855118,84.70519292269805,121.92808006271001
2019-08-09,84.34143913998678,89.06269739740566,123.75128266666697
2019-08-10,77.46486042369366,82.04318015157224,121.40797084954585
2019-08-11,85.5270814088166,89.12272843094348,123.65519306397594
2019-08-12,94.74398051341029,97.47784403930216,131.9302279914212
2019-08-13,88.86637018060102,91.45484569043761,126.81288083332043
2019-08-14,81.694248090323,84.19780808306724,122.97573033357605
2019-08-20,69.65563417793882,72.66224197040984,118.74117641768231
2019-08-21,71.40003043983482,78.29714917986665,118.71623406336518
2019-08-22,82.96122802277243,87.51330912284236,121.88625190961342
2019-08-31,86.28450448722904,89.5705209915794,122.78613698123965
2019-09-01,90.45647798820968,94.73581995031604,123.99327279287972
2019-09-02,79.8070250061956,84.76271431014804,121.20817770676375
2019-09-04,79.17666568177245,84.07915277625035,120.1404221086845
2019-09-12,86.30324863806712,89.15597009722633,117.10287966729496
2019-09-13,88.41686075031498,90.7645616525208,117.84724644149283
2019-09-14,91.85803926503078,93.08049742195999,120.66380938569998
2019-09-15,94.11812929344156,95.3369990596928,121.56400070076307
2019-09-16,91.79988640665829,92.97276539892984,119.10614560557104
2019-09-17,92.6774473494217,93.39007746687376,117.91780643841095
2019-09-18,91.95007432193597,92.64377466306793,118.68714767395605
2019-09-24,85.78101479925313,92.53936557748008,117.09360183694292
2019-09-25,113.5663066694149,107.95227678770863,130.90574639789344
2019-09-27,106.99770604291703,105.59815803937444,130.51239250629345
2019-09-28,101.23906375176274,100.38784930808377,128.1150592763082
2019-09-29,93.3368062950869,94.82477960248222,123.49821745999148
2019-10-04,91.77410558192312,93.04115208755152,123.29171403908721
2019-10-08,81.7587264426059,86.16016487216145,120.28077089756619
2019-10-12,80.35596966247938,83.8691878122522,119.84528804779724
2019-10-13,87.70870783434577,90.30977836734954,124.86236845884262
2019-10-14,85.40934118402605,87.89316954917369,123.7683072901853
2019-10-15,69.96454598382235,76.97330397709361,118.01451743242603
2019-10-18,77.21712783411274,82.25549398038673,119.93653396175914
2019-10-23,78.15550698367592,82.29195352762457,120.02619692369288
2019-10-24,75.07561723142113,79.70058282259173,118.99664859694097
2019-10-25,66.79524098126831,76.6064474813911,115.39108033584513
2019-10-26,66.73626243928177,76.83010329875928,114.38542183284991
2019-10-30,66.99776348030886,76.36557003293386,113.98081988898892
2019-10-31,62.6204387888314,73.445967437028,112.20261845484507
2019-11-01,59.468205014184164,70.75422665548369,109.78726099595153
2019-11-02,66.611135657636,79.07407269939416,112.34985914559917
2019-11-03,65.76887576364307,76.99268493453644,110.18070285957452
2019-11-04,64.39180739568235,75.98576369343614,108.86219952578571
2019-11-05,67.37126937212977,81.84048723569043,109.63338362496327
2019-11-06,66.64113310123764,87.25712129806797,108.01611177339797
2019-11-07,76.94330521116356,103.00616885840508,110.66314087603821
2019-11-08,72.92539687657414,98.39855409786622,108.9274357466798
2019-11-09,68.21123567694998,92.91289496148615,107.5603453223895
2019-11-10,68.30012716841544,89.57655232288913,107.17786964506155
2019-11-13,63.568991265080165,84.58561841081777,105.69735216947916
2019-11-17,67.66191110094381,86.91715653695702,108.1460209250435
2019-11-20,69.22500756722829,86.82726811446152,108.36080118058375
2019-11-21,75.62475876203446,90.66655739998124,109.67825430186775
2019-11-22,63.953703875877466,79.3978596001146,105.99395255394425
2019-11-23,62.484137310340394,75.65747327830009,104.86177166268598
2019-11-25,62.38223377889719,75.29280859780289,104.3129739968662
2019-11-27,62.25166867045021,73.42702729019209,102.45704665142605
2019-11-28,67.5126322782521,76.9767164042648,103.34118792640827
2019-11-29,85.45010432047785,98.21985646242102,111.087007444963
2019-12-02,81.10099234384735,91.78175324780165,110.6352082761219
2019-12-04,80.37988869049593,89.15238467698669,110.67187022734348
2019-12-05,78.4894231796549,85.15688876549306,110.37023647667041
2019-12-07,79.17196892845476,85.12897328623103,110.67077263162068
2019-12-08,71.84006523937764,95.22450729744634,109.27459973989349
2019-12-09,71.14090264729089,92.2140788037103,108.07991053397635
2019-12-10,73.3563899959897,91.64151723563889,108.977460853303
2019-12-11,72.28688091936833,87.44022600962744,108.11766224028054
2019-12-15,77.10503168195521,92.36538008226624,109.00423891835815
2019-12-16,94.61677970255263,114.12222931322285,111.999844071953
2019-12-17,86.48331622474674,101.94975017064966,111.04606549262222
2019-12-18,86.44950974209502,100.9422708348865,111.57875438838474
2019-12-20,87.76543995546557,100.0302210626399,112.1953999033673
2019-12-21,98.91414419271891,103.95688097393834,116.04427445453534
2019-12-22,94.15371523456561,100.31869732663392,114.87906522004263
2019-12-23,95.32627939418464,101.65241249479399,116.54400445383028
2019-12-24,91.13217464589502,96.06014607142517,116.34740450833023
2019-12-25,106.57461829615826,111.17183025543468,120.1998782374132
2019-12-26,121.04156379075768,129.34350785426304,122.90878729634798
2019-12-27,148.4033134174964,144.9633110757394,131.2831803706624
2019-12-28,186.39778877377148,171.18209361423467,142.08167742950434
2019-12-29,163.90654254744362,167.4916593079116,140.8465637107521
2019-12-30,166.99796476793398,168.61880783829358,143.86930858987157
2019-12-31,162.1008157925007,163.30831621348943,143.31916480436286
2020-01-01,152.38102816542343,153.66798246827994,142.0453974981184
2020-01-02,142.76785021518964,144.09843712677434,136.45229522817934
2020-01-03,127.42510385844696,132.3427410160265,128.86291362555323
2020-01-04,119.2515015155246,123.1020158219441,123.89927111828378
2020-01-05,117.4178088437628,121.11531517533938,121.92680522536752
2020-01-06,109.40104817856589,112.49021110410644,113.81829200533551
2020-01-07,103.43825539393556,106.22610821345586,112.48164469037516
2020-01-08,101.29792668715609,103.88167729233291,110.7199941257583
2020-01-09,94.4778486723452,96.13261106645572,103.6384894621962
2020-01-10,84.44935653743498,84.45538767489357,101.17827929204562
2020-01-11,81.09838048775832,80.59766314019721,99.3911647381625
2020-01-12,73.19183299427064,73.32243132147774,97.54746299634533
2020-01-13,72.11187204828501,70.90088293174404,97.55211777694983
2020-01-14,74.12225392816002,72.53688700423389,99.30517937358078
2020-01-15,68.76104726057967,66.93466779590334,97.90607144303391
2020-01-16,67.26723499480963,65.37569486296933,97.18536835835202
2020-01-17,67.04171516206013,65.13553150589146,96.8950262431068
2020-01-18,66.3284037722234,65.64734060443264,95.9537201552706
2020-01-19,66.0145005478833,65.41811114871953,95.6140322380972
2020-01-20,63.04921817643182,62.38251197426343,93.98941899056972
2020-01-21,59.482134534911026,59.95665512660607,92.92488508029629
2020-01-22,67.26706161910063,67.68586567214818,100.00009120224315
2020-01-23,61.94511085370246,62.27404655216884,99.6780166481784
2020-01-25,58.732534786682734,58.27264930553034,97.22620270074195
2020-01-26,60.33413038437294,60.3907043100846,97.22018516671127
2020-01-27,65.65296059979775,66.82448002169146,101.89221298181985
2020-01-28,58.578064503512486,65.62549169030403,101.15853915170445
2020-01-29,75.61404988459974,86.80384314344016,104.683670927723
2020-01-30,67.9441438391305,75.78093919980464,103.54120556648911
2020-01-31,57.79617216196423,65.26651366806946,100.49377301864624
2020-02-01,89.13640637348837,77.45552818671428,105.0568195550384
2020-02-02,70.50508435445293,63.805809360971274,102.65441751101407
2020-02-03,59.11312714796133,54.04283240139532,98.47018313767748
2020-02-04,60.42628314734985,55.975180434669504,98.38004330682386
2020-02-05,58.691974998598596,55.87317179812994,97.98683251178382
2020-02-06,55.049608402873616,57.143714586722496,97.27689143687466
2020-02-07,54.43948354527145,55.19354416677243,96.45990973008578
2020-02-08,54.38015027477897,55.50528843928686,95.39657265657581
2020-02-09,58.72753443113531,58.740253053976964,99.98121026925216
2020-02-10,56.83311837390994,57.137042994529175,97.93070379117414
2020-02-11,61.890244429281225,63.004824802185986,99.94706742900085
2020-02-12,57.37185250721002,59.27789950035459,98.46620968855943
2020-02-13,52.10526581377381,55.86872341982466,95.7538681986376
2020-02-14,49.98232530563945,53.27381433774229,95.07724224905995
2020-02-15,72.41934883581676,70.77758814000887,101.92124329608868
2020-02-16,56.6786726341496,58.99502029557148,100.02767828741742
2020-02-17,55.57694967932253,57.56435014318746,97.62977531527191
2020-02-18,69.99856132734821,77.34739836165106,98.9626709210636
2020-02-19,79.04141946996211,87.6725398502478,100.87891663460186
2020-02-20,67.78213748583795,75.35821838362506,99.81854921374047
2020-02-22,63.5886260983344,68.339355126428,98.79982392014246
2020-02-23,109.8501628315963,86.61369219475722,105.35030193591936
2020-02-25,85.49777750145626,71.35834953877033,103.48888147672338
2020-02-26,104.49089185529425,89.20115828232397,108.4996323380791
2020-02-27,88.72065239040971,78.56356542911259,107.4411793130915
2020-02-28,183.2247247036174,112.71389795376017,128.97513115883757
2020-02-29,137.33986230501708,100.32185092332186,124.78920696434812
2020-03-02,132.46667582475789,98.08490625601884,122.84778846524385
2020-03-04,192.2611881188567,138.52408189927476,144.585857875182
2020-03-05,142.59487061223234,119.94187275021577,142.37114414841506
2020-03-06,173.41536224647558,155.57831190640087,148.02203364238355
2020-03-07,155.99755126805647,146.45566418529143,147.67275427522563
2020-03-08,120.35085286171501,126.51597861590483,141.88930722473438
2020-03-09,98.67408539668322,111.6683560943163,139.2584252734788
2020-03-10,77.51480059596784,105.49031137675402,134.22459933204783
2020-03-12,68.5653639960087,97.80576539323106,132.50060053895217
2020-03-13,99.88332721491389,119.73616373127345,164.3276337263385
2020-03-14,101.6256916969484,120.02726469095295,170.6157287028514
2020-03-15,98.27762753917305,114.52941155924259,168.6314449345502
2020-03-16,86.35933400963329,100.66566397548047,158.86133856562898
2020-03-18,94.89596699295036,97.48244530381953,162.56890029403965
2020-03-21,97.46026775732078,98.5184259317604,162.60162677051468
2020-03-22,92.05575386505615,91.83369775906422,160.58191660819222
2020-03-23,96.79585731380187,95.34782721906838,160.89529759849944
2020-03-24,127.6101080805659,118.33557423836363,168.98550866188904
2020-03-25,95.00469328923472,101.96490821601263,165.51883556172407
2020-03-26,115.31379252046779,110.33559497731716,173.771802929561
2020-03-29,84.411752856749,87.95131607435803,168.35423477260073
2020-03-30,72.6777055131629,79.07997505252507,164.6894145166065
2020-04-01,61.59921677556153,69.50770281466609,161.8430474297605
2020-04-02,57.07753777368101,66.00076226564252,159.9449176824652
2020-04-03,56.33380389859444,62.988621383267905,158.61079363211024
2020-04-06,57.25335347989618,61.396665172066264,156.72149668964948
2020-04-07,53.12201819523155,57.535531276474764,153.66229952072396
2020-04-08,50.95357286558057,55.001950331651464,152.10378570192026
2020-04-10,61.62327432850056,65.49937290662533,153.66349258874746
2020-04-12,58.185382925482934,60.34265187705433,150.14017969824005
2020-04-13,78.92589046119396,76.9397248369513,160.51293360048936
2020-04-17,66.14766156083614,64.68864223164218,155.47776915303834
2020-04-18,64.2946811754605,63.273755982081994,149.67755550132023
2020-04-19,61.21839124081821,61.74756804704834,145.56762216656236
2020-04-21,55.19577185417875,56.75065621541974,142.65341744403943
2020-04-22,50.5611778898942,52.99799643925059,139.8437201782533
2020-04-23,61.265269749295555,62.27023100614576,142.76985624039776
2020-04-24,65.033816175002,66.20063952647155,144.86278022790816
2020-04-25,62.596870520251514,62.949188495211196,141.25209055260783
2020-04-26,64.87359981991078,65.57669491063895,140.49330346214865
2020-04-27,65.81956226861499,68.70774751858082,139.7541664208493
2020-04-28,65.67947021328071,67.98135614199437,137.0379011603907
2020-04-29,65.4675480777286,67.18144884584069,134.14322511899772
2020-04-30,63.13798712477475,68.60305603129709,130.81239657420085
2020-05-01,61.606007897180845,65.61317423350079,130.0559966546602
2020-05-02,63.551527809880845,66.27414489466456,129.85609018778806
2020-05-03,70.11993637603184,70.1688131490709,132.87374113573838
2020-05-04,78.8400832773169,73.88513853777096,141.40251738023312
2020-05-05,76.02563484037829,73.08340116436874,140.3304534038859
2020-05-07,86.20556558305998,85.71463018309403,143.09087174106247
2020-05-08,81.30017872131702,82.46899554933296,139.56933716633614
2020-05-09,77.99747546484971,82.43997198019892,135.7995682155616
2020-05-10,85.66721761553077,87.23599259072343,153.93270676966998
2020-05-11,86.88328217206046,88.308793753133,154.54361123626913
2020-05-12,81.19833917154374,81.96231876388718,151.34135952040126
2020-05-13,95.13874850689963,83.56280087881146,154.0661032909422
2020-05-14,110.05635137926578,93.16106773226191,161.85952525173818
2020-05-15,108.56088961237391,92.04326628825694,160.291033401187
2020-05-16,103.48246498644045,89.68955700633505,153.70494693073246
2020-05-17,103.57921372281427,90.47617123737425,153.1748228431289
2020-05-18,100.74255285437054,88.13117461860534,149.4431066223654
2020-05-19,97.57645153133367,85.85031259373788,146.10066425916585
2020-05-20,95.2028030947179,83.81554263647072,143.64722712401937
2020-05-21,94.85285772844877,82.92393450943064,142.96082978074097
2020-05-22,95.21523083707272,84.8082740671969,143.07132704395627
2020-05-23,95.04192564601773,84.6519219772593,142.78986521525206
2020-05-24,96.822120210696,86.04062156769304,141.70572753424432
2020-05-25,96.98150515757399,86.27266787673885,142.1290660265442
2020-05-26,96.91004300908668,86.15140808718596,142.3001449874492
2020-05-27,96.87607108442661,86.16655805441513,142.19283388940067
2020-05-28,97.17616703213156,86.43131031658436,142.16759123171784
2020-05-29,99.44715055962901,89.28855210891756,147.1827174662156
2020-05-30,98.78125464597049,88.56620608219515,146.97535186089178
2020-05-31,111.10206964905416,101.78294702091814,147.37521185035848
2020-06-01,106.61351787573538,97.88117740900077,147.1890615964457
2020-06-02,116.23009158721773,105.49083999348782,155.54578920440062
2020-06-03,125.00502405650205,113.69128603880341,162.0755666622738
2020-06-05,132.79688935040298,115.46276441813814,165.33257383683903
2020-06-06,97.15587087952358,95.48951778868873,162.89767722784475
2020-06-07,94.4909995610768,93.94109077274035,162.0427103783902
2020-06-08,81.7229304583843,81.55016398168516,159.40223552340117
2020-06-09,94.54029137779172,91.2141760359185,160.45380453798091
2020-06-10,106.52958164552582,99.40965346982291,161.39188786030044
2020-06-11,107.53590333882237,101.64285316728576,162.3999729660063
2020-06-12,109.45500653512576,103.8869474755685,165.18469319786382
2020-06-13,109.8630357557924,104.95910268228694,167.14233266137572
2020-06-14,112.26446561863412,107.80234101955315,170.0752233474032
2020-06-15,114.67391149526367,109.80720357888141,174.58115434194136
2020-06-16,120.34750535877508,114.6465384344215,183.12718187794283
2020-06-17,121.91207256683323,116.39405720083404,186.52630742779758
2020-06-18,123.8478318405054,118.82523949849235,191.5723570112221
2020-06-19,132.05350609284824,127.15025461051384,200.3386235218493
2020-06-20,132.62355226623558,127.48905566199451,201.85418485167492
2020-06-21,136.3497584764593,131.23869052304494,205.725760596328
2020-06-22,138.19449979274484,132.51178000496907,206.90879496005655
2020-06-23,140.12564750802474,134.69997857725525,209.47645116652765
2020-06-24,141.87937765736777,137.10589183392378,213.8034453456922
2020-06-25,141.65653891183126,138.7072951001949,213.91849679984435
2020-06-26,141.34298555037242,141.002607763058,213.30024395787203
2020-06-27,143.90919377188126,144.286979118334,215.63952283325088
2020-06-28,144.9045417485272,145.8241391462854,217.00596981242737
2020-06-29,149.31279477147953,149.7418912303476,222.06311467290556
2020-06-30,160.4377987698698,158.6009990222818,233.98985533840437
2020-07-01,164.23873664676196,162.79388173697063,238.3546699882115
2020-07-02,165.00537226208098,163.24740108748648,239.6712744565511
2020-07-03,164.73206280931393,163.32456951910535,239.69755848841393
2020-07-04,169.72441620395483,168.27104359322956,243.5494509373927
2020-07-05,176.8796774611721,176.13882368817102,250.97192771854105
2020-07-06,178.32335997782724,178.78277423719365,254.09769592837955
2020-07-07,181.89017594627947,183.217775729078,258.8094865367251
2020-07-08,183.09177820638826,185.9576853183751,261.36536488133214
2020-07-09,189.70173593384214,193.06372335838307,267.8795334471491
2020-07-10,189.72379755940787,193.35460339047782,269.4074986208974
2020-07-11,193.266045136991,196.77126302383107,274.263502858823
2020-07-12,197.5670011339026,201.3849662734405,280.6337346816893
2020-07-13,198.69751122327196,203.09065114362545,281.27736678622176
2020-07-14,204.0769071612703,208.9637080392202,287.4633752316505
2020-07-15,207.49244801077666,212.4932265350959,293.87669193012385
2020-07-16,211.14870275356884,215.43494408884132,299.2906751519199
2020-07-17,210.47929490381586,215.25190169029966,300.2462961801577
2020-07-18,211.30339268443757,216.29784214268253,300.95924041543776
2020-07-19,212.06691153197065,218.07198191094352,302.5926129024752
2020-07-20,213.24760278108172,219.12084051817789,305.16024613137836
2020-07-21,211.94336508124363,219.3332468333185,305.0351387490263
2020-07-22,220.6591725191393,227.05257955220347,314.43952529930067
2020-07-23,223.30108871101655,228.97592838605942,321.0219052587696
2020-07-24,227.299056181747,232.8322844485343,328.5753336133122
2020-07-25,227.03053108812986,233.08454238453277,333.7025022991297
2020-07-26,225.76696452418687,233.4828786968298,331.9666388426577
2020-07-27,220.81185117184893,231.0411914995719,325.09542819889185
2020-07-28,221.19295044750208,230.85294882071233,322.91468769276855
2020-07-29,219.51432616662078,227.73253192238974,320.94077139686004
2020-07-30,222.43120143645473,230.46357456678112,322.5362196147122
2020-07-31,218.43813766063803,225.8981880430842,319.4792514452949
2020-08-01,216.96082073184084,224.59878084016887,315.910942885929
2020-08-02,215.2666686788137,223.78692729020946,313.2835650957752
2020-08-03,213.5256350277401,220.59797344100983,310.69112723922905
2020-08-04,219.07391687164665,225.19961442634164,316.40268674451977
2020-08-05,220.22265038123524,226.15450568186634,319.6468496988998
2020-08-06,220.80150978786355,227.24599622652204,321.92986182126447
2020-08-07,229.05256721834,235.123791179664,330.7600351126447
2020-08-08,227.7303763545597,234.68507628932622,331.73802101921063
2020-08-09,231.52272032255422,238.9758798179189,335.685867524756
2020-08-10,233.8919529651978,240.52011017255558,340.59539745631616
2020-08-11,238.7534079633739,247.34939363967734,345.665593832431
2020-08-12,247.5630640376569,257.6630148334566,354.6541949439236
2020-08-13,254.8382041060977,265.58997013714674,363.05478701278497
2020-08-14,265.72184103790676,276.6264629593342,374.5602484327643
2020-08-15,271.4059763886546,282.6897057368865,383.78838436192035
2020-08-16,276.0897124170739,291.44721361218217,388.5610100776068
2020-08-17,270.1461189896238,288.21539222626734,384.25599458934994
2020-08-18,274.8538996927501,292.256348012986,388.0693241878748
2020-08-19,276.58893003349607,294.1494574057948,391.9701567713289
2020-08-20,276.75872259138316,295.27706059451987,393.15882993659056
2020-08-21,272.85363118822863,291.51871164249076,391.1768701427138
2020-08-22,276.02013744496026,296.7381931746359,389.68680670799716
2020-08-23,275.71606524875085,295.79832245895705,390.08934465721177
2020-08-24,267.3227933281529,289.1397402736471,383.0297751417087
2020-08-25,267.1696953884267,284.141208613535,381.24942040105185
2020-08-26,267.08873783264414,283.48270019484414,381.4578932381973
2020-08-27,261.80412149477837,277.5566046770894,375.74788009173335
2020-08-28,263.6546067546916,279.81748663451685,373.2614014319565
2020-08-29,264.1122924422501,280.76996242077917,374.4464871292652
2020-08-30,263.0432552781529,279.94022657850627,374.0384716643645
2020-08-31,270.6956631766627,289.74685284971144,380.5349936686966
2020-09-01,266.32938243450593,287.9389199430933,380.1871063085943
2020-09-02,282.2802530805168,307.5901029319989,386.99850651570216
2020-09-03,285.1858367137754,313.8696548164153,390.0221736328345
2020-09-04,273.5356760334292,305.85524047793797,384.6628813890518
2020-09-05,276.1357793152353,305.4055930450164,386.9194800140945
2020-09-06,295.33137714284436,329.91070414304716,393.1613155482776
2020-09-07,295.01238899449953,329.2866029235206,394.4564280479166
2020-09-08,288.3514526882334,319.60377099668585,391.6212005719482
2020-09-09,280.2202336046782,309.9829932295709,384.37061716245864
2020-09-10,276.70416001142974,304.9407894763542,378.910569576289
2020-09-11,274.62685645157916,301.9251789609191,375.1452197760066
2020-09-12,273.13499066363636,300.11546761714885,371.21462727784063
2020-09-13,270.65332859442117,297.3335349440399,347.11955231982927
2020-09-14,268.618473630039,294.75636281021497,341.45066595398015
2020-09-15,267.97493912186735,294.0068536741052,327.72285625948837
2020-09-16,267.2689502803963,293.3209331853665,291.35147762020154
2020-09-17,268.0670453736527,294.07899032429435,291.59674806100895
2020-09-18,281.8758066184861,305.745915879651,303.72994129378156
2020-09-19,281.8451177043221,305.86450259832014,306.7032806720194
2020-09-20,282.28470968605853,306.6401487481604,311.92629626617645
2020-09-21,281.705104459232,306.31923478521264,316.9932320738684
2020-09-22,285.79705315544714,309.0559495265458,322.25872520652507
2020-09-23,286.0159797598031,309.3979945599399,327.4360623903645
2020-09-24,285.32855053448856,308.78656236521147,336.16852398759465
2020-09-25,285.26880266258183,308.78806579803415,331.56894482815255
2020-09-26,285.18361154752364,308.7944981879629,353.08668407774826
2020-09-27,285.1516787646073,308.72724289901487,359.80190993333383
2020-09-28,285.2060609683519,308.84736056160364,368.54936942792295
2020-09-29,285.41893461893613,309.1084769729185,385.1995940190598
2020-09-30,285.9179547857181,309.7800602616421,461.5274885198029
2020-10-01,287.214015487733,311.21556326821326,494.10595983600956
2020-10-02,288.03010637436614,312.03613689863096,515.2226595814088
2020-10-03,287.8390305389911,312.030845884749,515.2237971162604
2020-10-04,288.3276056141529,312.5979791546912,501.8815246072693
2020-10-05,288.0485582224024,312.6564025447328,502.27270934935103
2020-10-06,288.85901039360505,313.3341569553994,493.18642902356345
2020-10-07,289.1537785844015,313.8428839528904,499.9190848644331
2020-10-08,289.65951705178304,314.2552929330679,497.1831434237026
2020-10-09,289.7668681277791,314.31726564363294,497.0922117677285
2020-10-10,289.82910448693235,314.3485968203515,490.4273412200152
2020-10-11,289.890727618605,314.3522801675913,485.3341852236214
2020-10-12,289.5583279250122,314.0673541824193,481.3407381503647
2020-10-13,290.3639413539631,314.83170198574226,466.4459348756564
2020-10-14,290.22104284616574,314.6299232617267,470.62522029042714
2020-10-15,290.5946569489092,315.0144979971126,464.9086715339645
2020-10-16,291.7581774381922,316.01155036620713,466.9038949645759
2020-10-17,292.25744023142954,316.4454076696692,480.966011027124
2020-10-18,292.3008170617228,316.38375962959486,481.78825336714135
2020-10-19,292.84550970653686,316.9922490077518,480.7964919278348
2020-10-20,292.40677183859754,316.5670614736141,480.22072111373166
2020-10-21,292.69379467052175,316.582829257281,471.56411608903284
2020-10-22,292.6049809998922,316.23970348018327,471.3830196587461
2020-10-23,292.02432223157444,315.57455289535693,466.59133588570523
2020-10-24,294.1156605178431,316.90876765358644,463.6173642825431
2020-10-25,293.6801922575097,316.450894715151,465.22867626847056
2020-10-26,293.9354537243222,316.59484411983476,460.9746130829829
2020-10-27,294.55892170061253,317.66273566256797,461.04402487720455
2020-10-28,294.3821833206296,317.7453822582047,460.83900887489403
2020-10-29,296.46644249757435,320.18587956581143,461.5101468086683
2020-10-30,297.6023363920697,321.4744342318523,467.4720500489121
2020-10-31,298.3071098475972,322.414025189809,473.98751458506496
2020-11-01,301.95428666457593,326.28297905274394,481.4837467921934
2020-11-02,303.037520017181,327.67358022375254,491.69751781554857
2020-11-03,302.0969680564452,326.6112132315762,490.2561653804731
2020-11-04,300.96325075372124,325.80265962641266,480.97305011238643
2020-11-05,299.27993587963,324.220601793585,473.08946295608774
2020-11-06,300.835701281003,325.89562498385294,467.793795390292
2020-11-07,302.472690705227,327.60148665688655,476.79422479419975
2020-11-08,303.8248960407961,329.03274734102104,484.5581151513574
2020-11-09,306.7798477922462,332.0915388243162,492.52673864096676
2020-11-10,304.7603099683159,329.84369296012517,491.6953739502644
2020-11-11,303.1295949476343,328.3799481498564,481.5756198621205
2020-11-12,304.58503805163343,329.409746262005,473.514658881167
2020-11-13,303.2994579813321,328.0108905199903,472.66418519103564
2020-11-14,301.1105937169196,326.10992791881813,455.486237777945
2020-11-15,300.35147958432947,324.957479999787,450.31852086793805
2020-11-16,300.07048128855536,324.21062097091715,447.83666450477335
2020-11-17,299.4155942557021,323.6853309706044,446.3114613340192
2020-11-18,298.2824665031851,322.37737051332573,440.47682092669527
2020-11-19,299.90856596455444,323.5093780475499,440.59076293005666
2020-11-20,299.0304545549371,322.5187268447035,443.70254791458956
2020-11-21,298.32384525941234,321.90130771508706,441.1589613894707
2020-11-22,299.3113173545397,322.47560719029633,438.5265054544792
2020-11-23,299.71530022919615,322.588219797552,439.70672088850716
2020-11-24,301.2203234676941,324.2028673241435,441.52664498750494
2020-11-25,302.88880534182357,325.4766400327317,444.8771478552735
2020-11-26,302.90299065110446,325.3721766096344,448.4627948203594
2020-11-27,306.19164057736793,329.0952572942779,450.6626432085011
2020-11-28,303.9347421330836,326.71458742126924,449.30988273361123
2020-11-29,306.16190964304667,329.07355659518254,449.90954905399167
2020-11-30,306.4005162077388,329.0852854435155,451.67081869685745
2020-12-01,305.5130130766141,328.192931684461,451.20732091853836
2020-12-02,304.8397139384011,327.88442141152115,449.4302682839657
2020-12-03,301.18626632361105,324.52942226519974,444.3157500726823
2020-12-04,302.347454717433,325.9127295711862,443.08882132605163
2020-12-05,306.512304201266,330.2420556701339,451.0148232540561
2020-12-06,306.1847163200634,330.60153196670854,456.3313497581988
2020-12-07,305.08626222129516,329.83675749901386,454.63981273053554
2020-12-08,302.91372319349364,328.19548113939413,450.4256593453582
2020-12-09,305.3976725454235,330.02331256317007,450.12304592008877
2020-12-10,303.43140938337024,328.51837530946943,450.2905788039906
2020-12-11,304.3665560270513,329.34629104123763,449.99613679723797
2020-12-12,302.836050195862,328.3133049181434,453.15815008522185
2020-12-13,302.33614658524107,327.59221112108537,449.6574519784392
2020-12-14,301.3727120230875,326.6267148220315,446.1385926594057
2020-12-15,300.53308722943086,325.72545386331,442.05458480714015
2020-12-16,300.0104670951674,325.77743832154067,438.9399611306042
2020-12-17,298.37130242004054,324.4335643916802,436.0610475598568
2020-12-18,297.14185499280933,323.69724915165665,433.08961528387994
2020-12-19,297.09957945275806,323.391385900092,431.10362129575134
2020-12-20,298.55570647578486,325.1323282262466,432.92023556788075
2020-12-21,301.10455139376677,328.21223076386843,439.3339256051954
2020-12-22,305.1776935400402,331.61088191235206,446.49138595831664
2020-12-23,303.8976187292355,330.2846342287146,447.8900364169985
2020-12-24,305.5627420637633,331.7010910713989,432.2042608366055
2020-12-25,304.9675996349934,330.8019941231133,440.03015883566815
2020-12-26,303.65471112092746,329.1609036991284,436.3673608146714
2020-12-27,302.32552853437124,327.5866999170212,431.33893322186293
2020-12-28,300.7131473220531,325.6383448052291,421.7264893089699
2020-12-29,297.83026408326145,321.9322106370292,412.8801542486427
2020-12-30,296.2334325660237,319.63081531588386,407.685903650576
2020-12-31,293.5714091150898,316.1907080298182,403.50747567856934
2021-01-01,290.69088911672907,313.23104367664064,396.78827720452034
2021-01-02,283.0224544019375,310.6323740415495,388.72005999313575
2021-01-03,276.06178896710134,305.97232279758526,379.1756202150244
2021-01-04,273.13471321517994,305.0879695502116,369.3893270130561
2021-01-05,266.5260841185895,300.72863064018276,359.6480248657406
2021-01-06,262.82483630829483,298.2250553112326,350.46047809672467
2021-01-07,257.86443195486095,295.0435891360373,339.29472233049916
2021-01-08,254.1048363456211,292.72318401233457,331.9098008186066
2021-01-09,249.5375490896153,290.1185012015747,321.3973861704117
2021-01-10,244.8972021054875,287.20267542248104,314.348100280772
2021-01-11,241.3333725821932,284.7022970800546,306.4485629349939
2021-01-12,236.66598332926125,282.30219609411193,297.19772197558603
2021-01-13,232.97143715191447,280.22151114666815,292.79447419858525
2021-01-14,229.35675138351064,277.33764775821004,287.0515760173203
2021-01-15,227.21178580090614,276.18056177006923,277.68975825646385
2021-01-16,225.5242016515135,276.01806514726235,272.09167022169675
2021-01-17,225.34648062983598,276.73750892629107,271.7198805494283
2021-01-18,223.01703411806258,274.84308690248116,271.67752463860404
2021-01-19,220.7175491191148,273.4542695935228,267.0851604621842
2021-01-20,220.09296777438658,273.66891364026344,262.58155684326834
2021-01-21,216.47545273473847,271.3937508452385,261.2052430664068
2021-01-22,215.09936644665072,271.05458332477184,259.2467891220371
2021-01-23,212.48915569140814,269.15682765667333,256.0250526897475
2021-01-24,210.93623011610322,268.40629562371043,252.8973335481561
2021-01-25,209.32697308000803,267.1268437195129,248.99347790287896
2021-01-26,207.56521732718852,265.8245836112161,245.38793220469182
2021-01-27,205.26604243002922,263.848404685507,240.3773624175919
2021-01-28,204.37874276777487,263.02210772939765,234.10547479274072
2021-01-29,203.63577230175767,262.6694700517855,226.99805176399371
2021-01-30,201.0826813223625,260.7140849974814,224.54588414213518
2021-01-31,200.7839976005116,260.4905981435519,222.7635893980681
2021-02-01,200.17000757938973,259.81518208823866,224.2759606699617
2021-02-02,200.37600531580276,260.0581098117653,224.97888071256526
2021-02-03,200.45579784441267,260.1606339239226,238.50964243258298
2021-02-04,200.5087331992987,260.2369105755789,292.43941992634086
2021-02-05,200.6101826764072,260.3873942989391,329.03693579224
2021-02-06,200.7978683956089,260.64790526987235,369.510707165295
2021-02-07,200.93836071049617,260.84175805679376,393.2906905216567
2021-02-08,201.04588443103384,261.0269440467185,411.4910010419494
2021-02-09,201.12613809848855,261.1752674566222,398.91950567145216
2021-02-10,201.3569559407025,261.52074194624856,375.6860633106069
2021-02-11,201.4600896124059,261.73135370623646,395.6535630608711
2021-02-12,201.56845037342222,261.9748595589689,377.55665657160256
2021-02-13,201.6226136841095,262.1923645704093,368.227254531997
2021-02-14,201.69575868302178,262.3304053065109,355.2983837160279
2021-02-15,201.7596662601111,262.44086532846416,350.4847803118081
2021-02-16,201.86782335757138,262.60414845274084,368.3991023435679
2021-02-17,201.9757751961968,262.7575016292486,475.8362553504452
2021-02-18,202.1411640898497,263.0069320154719,568.6097910456346
2021-02-19,202.33400485647778,263.3291116829647,553.3966265485948
2021-02-20,202.5432448061391,263.6755518688327,517.8971664891469
2021-02-21,202.76440656684395,264.02575141869835,499.8477324533236
2021-02-22,202.939818026163,264.2852946865837,504.84406652966277
2021-02-23,203.1970376508887,264.68353576568495,560.6347962706859
2021-02-24,203.5285201407024,265.20161622218376,575.7227171929535
2021-02-25,203.8110026868249,265.67379843717976,566.5807697249679
2021-02-26,204.1100630504146,266.1658989286651,548.8255993798285
2021-02-27,204.35165485924972,266.5803864562808,539.4327711736745
2021-02-28,204.50744643976387,266.84627479897637,529.1850072837718
2021-03-01,204.70291104896722,267.15951493387166,501.8311937214501
2021-03-02,204.96968681642903,267.54769861260826,507.5831694001972
2021-03-03,205.20959898826052,267.9179854884003,546.083597540221
2021-03-04,205.48954936910445,268.36686615366887,540.2538158435677
2021-03-05,205.77034692816105,268.813632158808,535.9463648207167
2021-03-06,206.04975053393593,269.2060908047762,536.2189382795234
2021-03-07,206.3282007439202,269.585544896978,544.1375905349123
2021-03-08,206.6638866599896,270.0700736439852,547.5049979757475
2021-03-09,206.96840619983328,270.51618196493763,539.3280490548146
2021-03-10,207.21563577604547,270.88659366931114,531.7959097302571
2021-03-11,207.5750878177896,271.45387913580976,517.1472565381514
2021-03-12,207.90392456844654,271.95008396095346,510.9227868582723
2021-03-13,208.23610505653977,272.42521745077704,556.064333113651
2021-03-14,208.53575853154916,272.8925467725565,565.9421949410647
2021-03-15,208.84972014465282,273.3713351844712,545.7078686087059
2021-03-16,209.3100350955498,274.0321287892431,535.9566108353927
2021-03-17,209.64878759055253,274.5302700939828,556.910213910132
2021-03-18,209.896881605652,274.8769560343634,545.1057170775165
2021-03-19,210.08296552646263,275.1283308922454,523.2816745235243
2021-03-20,210.35579180898606,275.51875496195186,504.3218653323922
2021-03-21,210.62204275415533,275.8405029973544,494.6450867263563
2021-03-22,210.97111309583707,276.3420517978722,522.3717619969034
2021-03-23,211.25403105442663,276.7600032742829,538.542311408204
2021-03-24,211.47916236326174,277.0963916986611,529.2212842520539
2021-03-25,211.69345757669169,277.4050012159425,499.70569181854233
2021-03-26,212.21341376030045,278.11028705462707,481.53131412392946
2021-03-27,212.4771314201634,278.6214797174323,494.33359609753944
2021-03-28,212.8373352991115,279.17467052926287,483.74704536658777
2021-03-29,213.17106355695722,279.629518321764,482.1764086023554
2021-03-30,213.65024246275505,280.31438885827407,497.08237184027143
2021-03-31,213.9603039188038,280.8056373471176,499.27216662031515
2021-04-01,214.52350277587496,281.79919272676625,491.67437949476823
2021-04-02,214.8443788409676,282.275419603477,500.4414911724929
2021-04-03,215.26065980512453,282.87264464430734,487.829836035079
2021-04-04,215.61421602628656,283.37281945400946,491.7980483563288
2021-04-05,215.82710670453565,283.70779383118145,483.2867569881044
2021-04-06,216.26581764645852,284.34050924461275,465.0594199470113
2021-04-07,216.8154574172192,285.0501534196432,463.9919667859286
2021-04-08,217.0787417552843,285.51083770692986,466.651258880349
2021-04-09,217.3896289860151,286.0032758734079,456.99303945531733
2021-04-10,217.84282570577983,286.56710886355626,472.2260377044704
2021-04-11,218.1421282029568,286.8884771040568,496.7299350086793
2021-04-12,218.29703882069387,287.12033879826777,494.4567204776861
2021-04-13,218.70510360785315,287.64926800164943,456.31290921817975
2021-04-14,218.99171134319383,288.02570061402656,466.79764995020844
2021-04-15,219.56652623019525,288.765848807151,467.6826939145046
2021-04-16,219.75806762507628,289.07722218419184,478.33009813470113
2021-04-17,220.2113414879113,289.47774819741795,467.76293288207313
2021-04-18,220.83391080929368,290.254981897789,477.29634716213843
2021-04-19,221.33325699714862,290.9789165340006,481.3514502482115
2021-04-20,222.23944023884505,292.18090365621805,476.9878185880984
2021-04-21,222.91735046872628,293.20428773854,481.67350725423813
2021-04-22,223.26043221548662,293.7258532017146,482.8538276785068
2021-04-23,224.16934493762955,294.88153140181066,479.08748248903663
2021-04-24,224.41584169965992,295.1343727566842,483.70944343918234
2021-04-25,224.80002366861683,295.5118698172015,479.24225092980055
2021-04-26,225.06076026738265,295.7644318783324,476.77817356552384
2021-04-27,225.35899773881357,296.0373563481876,469.72864320514736
2021-04-28,225.86235231258823,296.67612769686104,462.7975490273632
2021-04-29,226.33853780462155,297.319687571114,470.2715426129995
2021-04-30,226.87508225291566,297.88054759515614,471.24591490818
2021-05-01,227.24986642129159,298.2354889253624,470.8878794175574
2021-05-02,227.45191989482882,298.3968480576989,469.2435155424972
2021-05-03,227.73945122640987,298.70133603387643,462.5345439261041
2021-05-04,227.49639030608284,298.3766593273384,458.1100830577632
2021-05-05,226.99766442000606,297.72026271193243,363.82383619783525
2021-05-06,226.37022953239003,296.83730865180496,303.36256805342936
2021-05-07,226.04870675066545,296.3208083431441,272.3712274246984
2021-05-08,225.30951759715396,295.2398453051929,262.2200687900526
2021-05-09,224.6266583035378,294.16946725073797,246.54158751648603
2021-05-10,223.65467190651324,292.8245104282851,242.37773759125275
2021-05-11,222.21284320130096,291.047833294663,234.0407305339919
2021-05-12,221.03371994064406,289.69269763927576,226.50217044713852
2021-05-13,219.35976743306645,287.71869198600604,221.5189396786685
2021-05-14,218.64087141839838,286.7792014908686,218.07962552676935
2021-05-15,218.38193118111374,286.2023520736247,215.7087803797757
2021-05-16,217.99366301299878,285.48510610628307,219.44568611409886
2021-05-17,216.87162778347343,284.1057560125863,220.1757230038735
2021-05-18,215.73393531495086,282.50914272408636,208.86351623948318
2021-05-19,215.47154317799513,282.0442658950981,200.64490351415856
2021-05-20,214.69608637236556,280.8816442697533,196.53180813781768
2021-05-21,213.81941872493323,279.6276243389809,192.0836509848281
2021-05-22,213.21762089137644,278.6686376180744,185.97420112318807
2021-05-23,212.74230661633183,277.7857691942009,183.88249278603456
2021-05-24,211.58263340404378,276.1388707115022,184.60071978285507
2021-05-25,210.95878098413957,275.2135117182059,178.8971385457961
2021-05-26,210.36382999441864,274.3345672495243,173.06728294115118
2021-05-27,209.61752423716584,273.1312569588455,171.66768113690088
2021-05-28,209.06454878819164,272.18613468872104,172.28733934299578
2021-05-29,208.3018099752285,271.08920606068057,172.68808065272248
2021-05-30,207.5211293311531,269.92202123766316,167.2252355519322
2021-05-31,207.16415790150506,269.4492671974027,161.53304304847865
2021-06-01,206.8219261394633,268.99394865188674,112.96003094454277
2021-06-02,206.60694409998905,268.7101649721968,115.75246060286337
2021-06-03,206.28951988808265,268.26813498896416,137.02937399950653
2021-06-04,205.89337594709022,267.6891485846306,144.59523915367166
2021-06-05,205.8618739042277,267.58108938931116,147.7681005610704
2021-06-06,205.87672525841617,267.5620326416381,159.49747494321784
2021-06-07,205.82632652831788,267.5003392251498,180.88843804576703
2021-06-08,205.73912793043277,267.4079066474574,192.04121194354857
2021-06-09,205.70049598433107,267.36969119551935,195.7756212912806
2021-06-10,205.70334724825133,267.3824456488426,219.37674325528272
2021-06-11,205.73067743123792,267.4151300257783,246.1838976964478
2021-06-12,205.71693442245413,267.38451116106415,274.6696322881032
2021-06-13,205.693728141571,267.3504818895852,276.2290093869372
2021-06-14,205.68442187213455,267.32579792748027,273.3356066243379
2021-06-15,205.62079537206142,267.29198339241566,274.7313434160537
2021-06-16,205.5802793998306,267.2549335335883,262.32973664945155
2021-06-17,205.54097019340944,267.21697012784415,251.69751401053037
2021-06-18,205.56805393420552,267.22614370731594,251.6794289913376
2021-06-19,205.58143257779378,267.22615957686264,274.91776719643536
2021-06-20,205.61408432196413,267.25634127504145,298.61763140183115
2021-06-21,205.64852137693182,267.3092326677278,318.425653692836
2021-06-22,205.65192628225174,267.29491967540497,328.7034126764176
2021-06-23,205.65632058860675,267.2908175933467,305.8223142125551
2021-06-24,205.6462239428933,267.268753155135,307.56109778760583
2021-06-25,205.65632796258492,267.2923325771662,293.346992791667
2021-06-26,205.67059456921984,267.28704707393155,292.795631416781
2021-06-27,205.6526044663376,267.25281322137187,323.40002378340114
2021-06-28,205.6370632943414,267.20911030895337,307.9780918885509
2021-06-29,205.65973556850898,267.1985463622849,296.08536037434556
2021-06-30,205.67470582622835,267.1889141346548,326.638917784456
2021-07-01,205.61659999658565,267.10649425381706,320.55326474106903
2021-07-02,204.37768892133286,265.65242346661853,286.65306621695794
2021-07-03,202.787414852836,263.8412780112974,273.6026730933998
2021-07-04,201.50462101565668,262.41204574752186,256.3668797181509
2021-07-05,200.11675903017388,260.9766876445139,247.4364198864909
2021-07-06,199.0432878393437,259.50207201058646,241.75348793098746
2021-07-07,197.7882650825035,257.7718125698139,228.72503581209597
2021-07-08,196.3062088496728,255.87606203921607,220.91755401513572
2021-07-09,194.98030378287322,254.10355993593137,208.6373786393026
2021-07-10,193.80754761293608,252.59781929982265,203.06697973998968
2021-07-11,192.8750544170171,251.27058773365488,194.78828235157482
2021-07-12,192.43287266644757,250.59297798922358,191.98741223688026
2021-07-13,192.11576462884253,250.1564848076224,187.60266474593635
2021-07-14,191.85355357383688,249.7654804603382,185.62697201923623
2021-07-15,191.58807613741536,249.42350405182734,187.48540083101963
2021-07-16,191.47949647777344,249.2883584062497,189.83078831531387
2021-07-17,191.33860121413088,249.1290033505261,192.4031327272
2021-07-18,191.28806810080044,249.07374547408548,159.1196505233881
2021-07-19,191.10914879009,248.85437543924672,215.60536799266865
2021-07-20,190.83372928885566,248.56708138564326,207.1187327188961
2021-07-21,190.58004826459168,248.3187171271776,205.04076811469153
2021-07-22,190.40590458522428,248.17926341565732,207.9909796146643
2021-07-23,189.84401614682892,247.6950248821744,211.49460858618335
2021-07-24,189.42552334384834,247.26417186123007,209.4720445339402
2021-07-25,189.46213662013196,247.40064312447387,207.0435148038224
2021-07-26,189.50730681237346,247.5382038661274,214.57254127334727
2021-07-27,189.51958508149204,247.62450680097507,226.15184451606845
2021-07-28,189.41181492126725,247.56725950211518,239.13870168859467
2021-07-29,189.27988898087781,247.46658213415142,239.5177622849097
2021-07-30,189.11361742413666,247.34411701200622,241.05023864033956
2021-07-31,189.32200337680473,247.6047163535796,242.1469873047477
2021-08-01,189.34744518808765,247.6773887296155,252.81212219063204
2021-08-02,189.39283512788634,247.75442930230568,272.2286745276056
2021-08-03,189.3424739980824,247.6965460670922,329.4636425116298
2021-08-04,189.38192000565743,247.73671448844215,279.58403552742885
2021-08-05,189.4317507061171,247.79796672366356,291.5321885571847
2021-08-06,189.59077625165918,248.06068094089525,338.560394734934
2021-08-07,189.70778924303715,248.21890183346432,349.8011037456362
2021-08-08,189.90835463989902,248.48852447470827,350.6199936483437
2021-08-09,190.0892298290541,248.7060712531616,358.71216736515765
2021-08-10,190.28187542680377,249.0250668589156,357.98204214480717
2021-08-11,190.57754914389122,249.46980902147925,372.46566950447834
2021-08-12,190.79920834640433,249.81971450791644,407.08606589489085
2021-08-13,190.80980771791093,249.87068765980877,401.8864257582403
2021-08-14,191.05133095841921,250.2393467159902,381.3546500589792
2021-08-15,191.4043325909361,250.72856074048522,379.73650596124287
2021-08-16,191.4679473099728,250.88838421906524,425.3441007660448
2021-08-17,191.79530374403174,251.4070916472499,398.16284882462384
2021-08-18,192.03092674590692,251.8361214229056,404.6026839463314
2021-08-19,192.0690388316516,252.0394749743305,397.0631001964846
2021-08-20,192.35900946324278,252.53266191428332,383.3482691758724
2021-08-21,192.49912507441223,252.76613804384564,380.17583873582777
2021-08-22,192.64647670889423,252.97545741109207,374.0741304646938
2021-08-23,192.70030176634077,253.051293485965,539.3535235340746
2021-08-24,192.7736733636043,253.1572086181127,401.23083566738194
2021-08-25,192.85823456231174,253.27575710696522,567.7231302303485
2021-08-26,192.98976556199014,253.46793012048607,577.6914638603623
2021-08-27,193.1643904380505,253.72042023168174,513.8798208245979
2021-08-28,193.32255336285732,253.9464931839639,524.7133933656822
2021-08-29,193.46491062297167,254.14769267370917,555.5139951028032
2021-08-30,193.6961082291124,254.46740714340544,824.7980803350664
2021-08-31,193.84649896968386,254.68262281376136,729.5770530449882
2021-09-01,194.13616534401785,255.0894562331293,848.8059210653856
2021-09-02,194.4950149589849,255.6019098321772,828.8831544622118
2021-09-03,194.91166966087866,256.1908384382336,765.5581024764265
2021-09-04,195.50597305787298,257.0338722460985,737.7508663021691
2021-09-05,196.01200598141833,257.8712472130228,709.7409396826802
2021-09-06,196.57664382377956,258.6039604438962,677.3687425339232
2021-09-07,197.23359897839163,259.517034269577,652.622932511142
2021-09-08,197.6267503515501,260.1371043448787,643.2484157958929
2021-09-09,198.18089976340926,260.93138953569695,603.6112027518351
2021-09-10,198.67676914666163,261.6253799638899,592.6874197753313
2021-09-11,199.11132876799047,262.28049921437247,572.4240006476185
2021-09-12,199.03096581969825,262.3180977507988,548.4957377266785
2021-09-13,199.33327189994367,262.71447656408407,490.0105871442288
2021-09-14,199.54264607656853,263.1421740571033,479.6246654428142
2021-09-15,199.7745426513293,263.5073273688313,460.46119048877824
2021-09-16,200.32189985378116,264.2725811712904,446.4558468996878
2021-09-17,200.7975438289327,264.95054330229027,450.11314320606664
2021-09-18,201.20044992792936,265.62046976182444,470.66019823832715
2021-09-19,202.2085227307962,267.0521805777407,461.4325695340159
2021-09-20,202.58493293165233,267.8684068849603,467.0167734170867
2021-09-21,203.37528704217945,269.0192661186847,460.3838587880126
2021-09-22,204.30976569983665,270.33714245874756,469.75803803156043
2021-09-23,205.3130744642606,272.0267422900464,490.1860704976136
2021-09-24,205.86561540021418,272.9519185868362,494.2427123950897
2021-09-25,206.43750866528424,273.845639003663,489.12896736682796
2021-09-26,207.00750665854736,274.74474859629566,487.52150273480083
2021-09-27,207.82559623872893,275.9387086811854,482.61021966939575
2021-09-28,208.4435382776897,276.87588485898084,493.4751287275911
2021-09-29,209.27282852121277,278.10215648687193,496.2465189778592
2021-09-30,209.9352260661138,279.09272440970403,499.16034468048673
2021-10-01,209.95906872698464,279.12171789248885,496.70082051617436
2021-10-02,210.1685064642734,279.40733996525927,440.46757239498805
2021-10-03,210.60451206742331,280.01116530891557,436.9605480333495
2021-10-04,210.7941461485155,280.29995481056267,437.1456865264163
2021-10-05,211.12589585910214,280.7364822333279,426.3119832655478
2021-10-06,211.29183148282627,280.94087893885376,428.3626850521145
2021-10-07,211.28309732039293,280.8938935098274,418.1216012382424
2021-10-08,211.3701187513754,281.0212509159967,384.9431186775199
2021-10-09,212.08804799728037,281.96420578616767,376.5781858228178
2021-10-10,212.198204872107,282.26203277878625,388.7372624591011
2021-10-11,212.6065114914778,282.8170504678481,382.7304839016228
2021-10-12,212.80584033389977,283.29201691628504,392.8375271619514
2021-10-13,213.11753467283694,283.75669707666066,387.82697498116863
2021-10-14,213.45850039812677,284.25456352993143,386.61443010147326
2021-10-15,213.69398346106328,284.612517792156,390.7477135058246
2021-10-16,214.62960310839998,285.8854537157351,391.05479198340663
2021-10-17,214.66699049722263,286.0313747896423,396.3469347085158
2021-10-18,214.88392375810474,286.6390340713375,386.15224879958663
2021-10-19,216.17606239703707,288.26002223839737,383.90225153756734
2021-10-20,216.3014670491927,288.4481808180383,383.96094739766903
2021-10-21,217.36742954599103,289.68017469528826,381.8212176390392
2021-10-22,217.2814778578275,289.53871703195387,384.81562801359837
2021-10-23,217.04331472296562,289.1684844197745,347.2058711823367
2021-10-24,217.86858180138674,290.4062094094349,340.1518521125221
2021-10-25,217.86631003542087,290.50826196721846,344.4950808106406
2021-10-26,217.9581748327967,290.5603744528446,342.59211402759126
2021-10-27,218.34540304237257,291.04623094445634,342.6708887338956
2021-10-28,222.27832668788454,295.69696213485554,353.32148959797547
2021-10-29,223.3882669083054,297.3029032165636,359.81680487104734
2021-10-30,225.15017118230713,299.7971642269873,365.0019561771934
2021-10-31,225.44320181434676,300.84681037678763,371.2788754568697
2021-11-01,225.83630026759488,301.63346067535326,370.92114628115655
2021-11-02,225.88251504007806,302.66210142473534,370.5795884560693
2021-11-03,228.13941491826927,305.2387945547771,371.6829928103822
2021-11-04,229.31757245284254,306.90455125846586,376.2549667746846
2021-11-05,229.62812299513803,307.83785724127625,378.26172521484585
2021-11-06,229.29332092056626,307.5104633131775,376.41154942881946
2021-11-07,229.6771949712849,308.26420261158086,373.1607724310632
2021-11-08,229.57341033447508,308.2337869481688,372.65170432104384
2021-11-09,230.46541815590547,309.4840380406407,371.5826760511667
2021-11-10,231.97523977771124,311.61832492014116,375.919521315118
2021-11-11,233.96665825916827,314.390896354661,382.73808116343855
2021-11-12,234.389000662624,315.0307097325327,389.35260088940885
2021-11-13,234.86131051780242,315.77382514098673,393.1087464691449
2021-11-14,235.031726692206,315.9887659995172,420.8534044636652
2021-11-15,235.2678088756968,316.2907035559675,527.1111479877404
2021-11-16,235.37419489364603,316.4696494200473,525.1267228786146
2021-11-17,235.54605844926084,316.71821202788567,464.5777181416807
2021-11-18,235.77168761426654,317.06718208160896,501.4699288577724
2021-11-19,236.5320478911499,318.10070053186564,505.53164827748367
2021-11-20,237.12419139798314,318.98112427635607,539.6694639943274
2021-11-21,237.2961902522876,319.28332988205864,532.3335696850545
2021-11-22,237.37368092323058,319.6453028542896,514.900781998969
2021-11-23,237.60941285451324,320.1820647648094,499.53797525760376
2021-11-24,237.75196474318912,320.4586218094014,491.17412441722325
2021-11-25,238.09756853000044,320.9268922963498,480.15491280739207
2021-11-26,239.42910090842133,323.27081852795413,478.2132587997206
2021-11-27,238.89646679009542,323.1566459019004,477.93343451194926
2021-11-28,239.0268725850331,323.1902518944109,467.38554462860293
2021-11-29,239.71288453230125,323.99775960849695,460.59861783109994
2021-11-30,239.830251803011,324.3074301160494,462.32386047953514
2021-12-01,240.2875472983806,325.2801274808816,444.66288062027087
2021-12-02,240.73540642247147,326.07431819626646,443.3870833384917
2021-12-03,241.34501249881666,326.8842099591495,442.10411624060237
2021-12-04,242.3008081841069,328.2817264490641,449.1124106639526
2021-12-05,242.84005879500435,329.0232437232549,469.7905722950719
2021-12-06,243.81173357496388,330.4191528550673,474.17092427304874
2021-12-07,244.11959640730933,331.25537612159997,478.91304762682046
2021-12-08,244.33028519281964,331.5802384961731,471.489959229587
2021-12-09,244.82325626663606,332.16514451154205,465.7922406695521
2021-12-10,245.6587745372724,333.4611632768699,465.536211423834
2021-12-11,245.92074815660277,334.0075811113958,468.0401223848638
2021-12-12,245.9390989420103,334.20645507224265,464.17462066308406
2021-12-13,247.01584736697097,335.8727097150501,457.3806238582174
2021-12-14,247.18585742385838,336.3580017543562,459.42942168652746
2021-12-15,246.90506030029496,336.0788164404331,451.54828091261453
2021-12-16,246.51950451635693,335.399898884064,432.0787929888637
2021-12-17,246.99974742702128,336.1670443555541,424.274979768236
2021-12-18,245.90630663841898,335.35051981821755,423.3674264234187
2021-12-19,245.21479179385483,334.75617384448293,410.13082178516146
2021-12-20,245.24641024477293,335.0954866547303,400.2897431757769
2021-12-21,243.8599877843871,333.46998455793624,396.1875916507322
2021-12-22,244.20399873756833,334.3902981358989,385.3979458912268
2021-12-23,244.18487836135952,334.5534196531453,385.20385266965155
2021-12-24,244.25003644594682,334.81981734065187,381.796419480797
2021-12-25,244.29015162978217,334.9701638592174,380.68990678931607
2021-12-26,244.38096359819465,335.10298068736535,377.8059987455367
2021-12-27,244.4591832174885,335.21889958992494,377.7074844146257
2021-12-28,244.5464667814286,335.4072712880646,383.06738310945485
2021-12-29,244.98882452202088,336.06280930332986,386.14351094798945
2021-12-30,245.64263550261805,337.12140402423296,392.94667514668777
2021-12-31,245.70299409467253,337.38540311933434,399.9156249690909
2022-01-01,245.85932278778282,337.7307209471657,396.67859523273347
2022-01-02,246.05069603710402,338.0217856484262,395.9709945585304
2022-01-03,246.52448888203676,338.66114754428196,425.7830396593287
2022-01-04,247.13855513606643,339.48292668095934,496.92667251830176
2022-01-05,248.0688647467362,340.80058579023375,559.2903754247656
2022-01-06,248.94637283567945,341.8837285922664,565.6222755660439
2022-01-07,249.91615067674968,343.2219724489781,570.9796786796663
2022-01-08,251.5491656576199,345.2902739649584,577.4730699305752
2022-01-09,252.78897471904565,347.0011402653895,583.2667071648116
2022-01-10,253.5663950451712,348.0415777601852,583.4484267339777
2022-01-11,253.83550067450153,348.45543412357296,625.0300055991735
2022-01-12,254.44619700804716,349.42993157385513,990.1490963985278
2022-01-13,255.64296341796867,351.37988418381343,894.4615379184698
2022-01-14,256.1300127057116,352.28931392208494,867.5629724636213
2022-01-15,257.16658123936367,353.9939059663249,820.7181071993215
2022-01-16,257.7607647009561,354.8075160297065,799.9281522965958
2022-01-17,258.329198426927,355.5827327835045,782.3509353379784
2022-01-18,258.58768964064967,356.28773308254404,752.273291403118
2022-01-19,259.4675990945695,357.53069811694434,719.3031215896428
2022-01-20,260.26065077563266,358.6193689678154,706.2299040287869
2022-01-21,261.18109112504055,359.9298036799019,689.1928754328065
2022-01-22,262.11793609164084,361.3073871433611,686.0311090985872
2022-01-23,263.427032837777,363.12788026217856,688.9040389987479
2022-01-24,264.60433105968906,365.05526504435545,709.9948685967829
2022-01-25,265.1862054281504,365.90702483901174,706.028740507603
2022-01-26,265.3033533433666,366.12654604051926,705.7541378268133
2022-01-27,265.33630951103817,366.44744308470115,628.7533816563287
2022-01-28,265.4002107733366,366.67405306136874,593.4270142095575
2022-01-29,265.75429816126086,367.26340536600685,553.1118129007666
2022-01-30,266.22970645993456,367.93878517304023,553.4398303289908
2022-01-31,266.931882178971,368.9242178656617,615.1977400785088
2022-02-01,267.4735069080788,369.7132738622872,708.0047447643321
2022-02-02,268.42713968538874,371.07457921946656,787.1622224919378
2022-02-03,269.15786422664263,372.2624253003981,791.1562186676672
2022-02-04,270.08192668333004,373.7355422870779,771.1174294945491
2022-02-05,271.7625981928515,376.2168665087254,759.4092501152509
2022-02-06,273.3828633898634,378.6837402876509,762.7076084373584
2022-02-07,274.80401888521493,380.79562096819444,757.71594356426
2022-02-08,276.4620293741746,383.2491423684635,752.7046667342784
2022-02-09,278.1251825598491,385.66546675297343,754.0368915403623
2022-02-10,280.3311970143723,388.8114220324416,754.6057560720727
2022-02-11,283.2886888243939,393.1294677119942,770.9919988126628
2022-02-12,284.7803958726116,395.4167170768699,777.8920985740543
2022-02-13,286.7458442895263,398.67153806320914,772.8185416685994
2022-02-14,288.1817635058047,400.84463654879386,771.4434137070805
2022-02-15,290.0949611919313,404.3936166649909,770.2043380156904
2022-02-16,292.8552355452842,409.027794592872,763.4240967244286
2022-02-17,294.40195130353703,411.9127558798855,763.4751614114473
2022-02-18,295.891122827604,414.3199944270784,754.7248656599502
2022-02-19,298.5509678228997,418.6743066642991,749.2224742474355
2022-02-20,300.06425512808266,420.79009116601094,747.8487649035187
2022-02-21,301.4786699811289,422.6764106495586,745.8361187651277
2022-02-22,303.48843411337515,426.5421686841986,768.6673444500954
2022-02-23,304.5163332194395,427.962608605963,760.6154666385033
2022-02-24,302.6888068757657,426.8152666408396,746.7341315380421
2022-02-25,302.857763205558,427.3082013764268,732.809790798151
2022-02-26,303.44564064193594,428.17793245481903,708.2219643958958
2022-02-27,301.62821514235196,427.04223855581444,699.9428515793595
2022-02-28,300.55813775854017,426.14324405101536,683.3172278377909
2022-03-01,298.63305564816847,423.6988895725898,659.9764403918408
2022-03-02,297.94558729787127,423.42150684116257,644.2813994461176
2022-03-03,298.78561881483535,425.1812350652203,630.8641269526745
2022-03-04,298.0261750192529,425.84516996665053,620.4454101750822
2022-03-05,297.2549819929122,424.8869552289058,609.2990274679507
2022-03-06,292.9856673447416,419.9111491263139,593.4321356470246
2022-03-07,287.8863643488808,413.9118210722182,577.9261837489449
2022-03-08,252.31111730447049,365.1367251490166,554.2472400982143
